country,year,log_GDP,social_support,healthy_life,freedom,generosity,corruption
Afghanistan,2013,7.50337553,0.48355186,51.04298019,0.577955365,0.074734926,0.8232041
Afghanistan,2014,7.484583378,0.525568426,51.37052536,0.508514047,0.118579052,0.871241987
Afghanistan,2015,7.466215134,0.528597236,51.69352722,0.388927579,0.094685629,0.880638301
Afghanistan,2016,7.461400986,0.559071779,52.01652908,0.522566199,0.057072122,0.793245554
Afghanistan,2017,7.460143566,0.490880072,52.33952713,0.427010864,-0.106340349,0.954392552
Albania,2013,9.258439064,0.759476721,68.29137421,0.631830275,-0.132977307,0.862904966
Albania,2014,9.278097153,0.625586927,68.51210022,0.734648407,-0.030552704,0.882704437
Albania,2015,9.303030968,0.639356136,68.69195557,0.703850687,-0.086883023,0.884793043
Albania,2016,9.337774277,0.638411462,68.87181091,0.72981894,-0.023275997,0.901070774
Albania,2017,9.373718262,0.637698293,69.05165863,0.74961102,-0.035140377,0.876134634
Algeria,2014,9.509209633,0.818189442,65.13015747,0.436670482,-0.194670126,0.699774206
Algeria,2016,9.541166306,0.748588264,65.50951385,0.409554869,-0.093646996,0.816375494
Algeria,2017,9.540244102,0.806753874,65.69918823,0.374541551,-0.157882348,0.83407563
Angola,2013,8.729884148,0.721590757,52.04230118,0.737250388,-0.130663589,0.822900295
Angola,2014,8.741956711,0.754615486,52.46070862,0.745057762,-0.1645291,0.854191601
Argentina,2013,9.877256393,0.909874201,66.97756958,0.881223679,-0.174311623,0.850906193
Argentina,2014,9.841482162,0.917870402,67.11812592,0.847702205,-0.191952422,0.850924492
Argentina,2015,9.85751152,0.926492274,67.25832367,0.831966162,-0.186299905,0.841052473
Argentina,2016,9.824954987,0.882819116,67.39851379,0.504081845,-0.183378756,0.899796784
Argentina,2017,9.843519211,0.906699121,67.53870392,0.506487131,-0.206606939,0.920390487
Armenia,2013,8.952596664,0.723260045,64.45549011,0.551026642,-0.190980658,0.901462197
Armenia,2014,8.983579636,0.738763511,64.63682556,0.610986948,-0.158838838,0.921421051
Armenia,2015,9.011393547,0.722551048,64.79977417,0.613697052,-0.132166177,0.86468333
Armenia,2016,9.010698318,0.709218323,64.96273041,0.933379173,0.254067272,0.431539029
Armenia,2017,9.034710884,0.697924912,65.12568665,0.922932267,0.303706735,0.44202137
Australia,2013,10.66709518,0.928205192,72.25133514,0.921871006,0.316794217,0.356554389
Australia,2014,10.67811298,0.92379874,72.38433838,0.922315717,0.223268315,0.398545116
Australia,2015,10.68812943,0.95186156,72.51734161,0.910550177,0.301693261,0.411346525
Australia,2016,10.70131111,0.942334235,72.65033722,0.921734452,0.159619883,0.678936899
Australia,2017,10.71182728,0.949957848,72.78334045,0.885026872,0.108960405,0.566931307
Austria,2013,10.7004528,0.949809194,71.11972046,0.900305152,0.090249822,0.55747962
Austria,2014,10.69957161,0.898920476,71.42971802,0.888513982,0.071684547,0.52364099
Austria,2015,10.69849014,0.928110301,71.73971558,0.890030563,0.124996737,0.518303812
Austria,2016,10.70004845,0.926318586,72.04971313,0.671956956,-0.192350775,0.698819578
Austria,2017,10.71622562,0.906217813,72.35971069,0.732772946,-0.232240036,0.65384531
Azerbaijan,2013,9.716747284,0.769690156,62.63373947,0.764289498,-0.221827105,0.615552545
Azerbaijan,2014,9.724067688,0.799433351,62.7591629,0.712573171,-0.227940142,0.606770813
Azerbaijan,2015,9.723095894,0.785702765,62.86454391,0.731030464,-0.247480661,0.652539015
Azerbaijan,2016,9.679969788,0.777271032,62.96992874,0.809205949,0.097171627,0.524703264
Azerbaijan,2017,9.65392971,0.787039399,63.07531357,0.84952116,0.071743779,0.742774189
Bahrain,2013,10.66149044,0.883780539,65.64447784,0.888691068,0.120759174,0.789374709
Bahrain,2014,10.688241,0.852550745,65.76468658,0.905858517,-0.00861888,0.720600903
Bahrain,2015,10.69027233,0.862700105,65.88445282,0.741518021,-0.09152592,0.687853634
Bahrain,2016,10.70677662,0.875747144,66.00422668,0.735512853,-0.062122062,0.635014474
Bahrain,2017,10.68671322,0.530139685,66.12399292,0.814796269,-0.082764864,0.653039157
Bangladesh,2013,7.95006752,0.577065051,61.28379059,0.874700487,0.017536195,0.68150872
Bangladesh,2014,7.997340679,0.601468265,61.60427856,0.896217167,-0.189207807,0.668678164
Bangladesh,2015,8.049608231,0.649116933,61.90423584,0.723431289,-0.06007617,0.664055169
Bangladesh,2016,8.107524872,0.712552786,62.20419693,0.647184551,-0.102940008,0.654113412
Bangladesh,2017,8.163092613,0.922505975,62.50415421,0.622753441,-0.136783347,0.573664308
Belarus,2013,9.778838158,0.880258858,64.41842651,0.658228815,-0.130582094,0.511975765
Belarus,2014,9.795022964,0.924072623,64.86287689,0.620979249,0.007226236,0.46878463
Belarus,2015,9.75438118,0.926551104,65.44390106,0.890711069,-0.008175617,0.4966591
Belarus,2016,9.725690842,0.900255799,66.02493286,0.86095351,0.053085301,0.543046057
Belarus,2017,9.719829559,0.909186184,66.60596466,0.869474947,-0.064890452,0.782105386
Belgium,2013,10.61957264,0.943549156,71.52167511,0.865759015,0.045481469,0.855955541
Belgium,2014,10.63065338,0.885208845,72.14292908,0.856801987,0.003250329,0.854826927
Belgium,2015,10.63880634,0.928964078,72.14292908,0.873569071,-0.059076726,0.850098193
Belgium,2016,10.64682102,0.921639085,72.14292908,0.783240497,-0.070210017,0.837715745
Belgium,2017,10.65765381,0.756932497,72.14292908,0.775545776,-0.00132293,0.767234623
Belize,2014,8.987882614,0.576823056,58.92390823,0.733383596,-0.040266801,0.802428126
Benin,2013,7.567653656,0.506091297,50.89535141,0.779795229,-0.040269434,0.650338471
Benin,2014,7.601466656,0.434388518,51.11705399,0.72680825,0.360622585,0.633955777
Benin,2015,7.594465256,0.492815852,51.34295273,0.810201466,0.275819212,0.811856568
Benin,2016,7.605870724,0.435878992,51.56885147,0.834222496,0.285213172,0.831854463
Benin,2017,7.632502556,0.818948984,51.79475021,0.83010155,-0.062116407,0.862373948
Bhutan,2013,8.86372757,0.880341947,59.88940048,0.845931649,0.022335315,0.852592945
Bhutan,2014,8.904687881,0.847574413,60.2303009,0.881058872,-0.025209729,0.819261968
Bhutan,2015,8.954587936,0.80273807,60.56794357,0.88362509,-0.042584933,0.969836235
Bolivia,2013,8.714517593,0.821344614,58.92830276,0.881748736,-0.115987852,0.976339638
Bolivia,2014,8.752238274,0.828705788,59.30395126,0.883904934,0.039335512,0.959853649
Bolivia,2015,8.784395218,0.795958757,59.6505661,0.39034158,0.229637861,0.957311988
Bolivia,2016,8.811049461,0.778661788,59.99718094,0.411937386,-0.056513473,0.923343062
Bolivia,2017,8.832608223,0.766827762,60.34379578,0.630698025,0.132285133,0.748847783
Bosnia and Herzegovina,2013,9.238404274,0.787651718,67.37329102,0.633453727,0.089589462,0.743073821
Bosnia and Herzegovina,2014,9.260712624,0.655723631,67.52626038,0.563798666,-0.164117917,0.860292971
Bosnia and Herzegovina,2015,9.29944706,0.807705104,67.6823349,0.767357409,-0.114532627,0.729171813
Bosnia and Herzegovina,2016,9.334980965,0.775295258,67.83840942,0.791371226,-0.125439659,0.731441498
Bosnia and Herzegovina,2017,9.371712685,0.855570793,67.99448395,0.857168913,-0.262038291,0.706954181
Botswana,2013,9.652990341,0.859477818,54.32556534,0.851694882,-0.258249283,0.710303426
Botswana,2014,9.674996376,0.815656066,55.30326843,0.817308009,-0.108254641,0.771339059
Botswana,2015,9.639291763,0.768302798,56.20658493,0.784814954,-0.128697455,0.781092763
Botswana,2016,9.662895203,0.768258631,57.10989761,0.713814318,-0.028626448,0.794457376
Botswana,2017,9.6836586,0.910421729,58.01321411,0.798935294,-0.112877078,0.9620471
Brazil,2013,9.644085884,0.898316443,64.60224152,0.806571543,-0.187264696,0.954636931
Brazil,2014,9.640237808,0.906693101,64.82875061,0.764792562,-0.196925789,0.941279948
Brazil,2015,9.593288422,0.912455142,65.03707886,0.60321337,-0.060511671,0.935988188
Brazil,2016,9.548503876,0.904694259,65.2454071,0.575595915,-0.205527052,0.910799742
Brazil,2017,9.547693253,0.829132318,65.45373535,0.636817813,-0.176258981,0.764721453
Bulgaria,2013,9.680171967,0.885949194,66.76789856,0.700265527,-0.160038665,0.800757825
Bulgaria,2014,9.699056625,0.907517016,66.4154892,0.689047039,-0.00346225,0.692723989
Bulgaria,2015,9.740972519,0.92603606,66.4154892,0.741257429,0.008610918,0.720542431
Bulgaria,2016,9.786640167,0.94175458,66.4154892,0.709964514,0.015839409,0.727451324
Bulgaria,2017,9.822961807,0.745216608,66.4154892,0.659102738,0.011582303,0.807618856
Burkina Faso,2013,7.353917599,0.742262065,50.7416954,0.644681513,-0.051286779,0.811991632
Burkina Faso,2014,7.366656303,0.705393493,51.18559647,0.613774717,-0.049049191,0.842555106
Burkina Faso,2015,7.375465393,0.764401138,51.59022141,0.431384981,0.163856089,0.825130224
Burkina Faso,2016,7.403783321,0.784761369,51.99484634,0.940592945,0.239137441,0.840416849
Burkina Faso,2017,7.434531212,0.564678133,52.3994751,0.937544584,0.20950602,0.821022928
Burundi,2014,6.688570023,0.650589585,48.56855774,0.956319809,0.075221501,0.867257416
Cambodia,2013,7.995024681,0.693434179,57.38068771,0.957821488,0.086719364,0.855849743
Cambodia,2014,8.046971321,0.728610277,57.70112228,0.963774681,-0.032129522,0.868049026
Cambodia,2015,8.098932266,0.745901227,58.01103973,0.794075966,-0.073379904,0.87945056
Cambodia,2016,8.150504112,0.765094936,58.32095718,0.794645548,0.047050137,0.84358561
Cambodia,2017,8.202580452,0.760194361,58.63087463,0.791428566,-0.00575576,0.406236142
Cameroon,2013,8.039212227,0.777777076,48.55026627,0.71250701,-0.031055631,0.441735327
Cameroon,2014,8.069768906,0.646312475,48.93240356,0.766945004,0.301622629,0.427152246
Cameroon,2015,8.098358154,0.659299791,49.33501053,0.916013896,0.256026924,0.385090441
Cameroon,2016,8.115765572,0.69459641,49.73761749,0.93889761,0.238860041,0.859073043
Cameroon,2017,8.128399849,0.936239362,50.14022446,0.931468964,0.19691582,0.889566004
Canada,2013,10.65338516,0.917836308,71.79985046,0.912423909,0.058876671,0.881972373
Canada,2014,10.66770744,0.939067066,71.95877075,0.624056518,-0.055907313,0.880934
Canada,2015,10.66856194,0.924392521,72.11328888,0.645252347,-0.080542579,0.88863939
Canada,2016,10.6709938,0.29018417,72.26780701,0.48821035,-0.038600236,0.819788873
Central African Republic,2016,6.473706245,0.319589138,43.98196793,0.566795349,0.043290634,0.792389929
Central African Republic,2017,7.604434967,0.714144647,44.64535141,0.474360883,-0.002929057,0.741154909
Chad,2013,7.638511181,0.733066797,44.65095139,0.525222123,0.071252346,0.758497715
Chad,2014,7.624441624,0.751252234,45.01896667,0.614849687,0.203350574,0.811511338
Chad,2015,7.520730019,0.616204858,45.34066391,0.736887336,0.02641842,0.858124971
Chad,2016,7.490785122,0.660615563,45.66236115,0.733326375,0.087949701,0.835987508
Chad,2017,9.998721123,0.862404704,45.98406219,0.76888144,-0.035265177,0.898202121
Chile,2013,10.00903797,0.861552179,68.93273163,0.652289748,-0.176437408,0.886645734
Chile,2014,10.02289677,0.827141881,69.09392548,0.790116489,-0.235745564,0.842899323
Chile,2015,10.03041649,0.841388166,69.26559448,0.804723918,-0.263689876,0.897553861
Chile,2016,10.03757858,0.879840791,69.43727112,0.877617598,-0.247030765,0.87501812
Chile,2017,9.388590813,0.777895868,69.60894012,0.841173172,-0.194634736,0.751723707
China,2013,9.453964233,0.820366025,68.7209549,0.801191449,-0.077944398,0.808412731
China,2014,9.515608788,0.793733716,68.86785889,0.790897965,-0.09758582,0.841359496
China,2015,9.57494545,0.741703033,69.01284027,0.834966123,-0.107767858,0.790385723
China,2016,9.635466576,0.772033215,69.15781403,0.837554634,-0.108304106,0.76278311
China,2017,9.417053223,0.900777876,69.30279541,0.725815654,-0.165878147,0.912991524
Colombia,2013,9.450613976,0.907402635,63.52719879,0.661638141,-0.113578223,0.813676
Colombia,2014,9.471579552,0.889900029,63.67808533,0.85017246,-0.146380559,0.866378009
Colombia,2015,9.482222557,0.88190037,63.83065033,0.785906553,-0.139852747,0.874999642
Colombia,2016,9.490860939,0.909249961,63.98321533,0.777783453,-0.108046286,0.809181869
Colombia,2017,8.578680992,0.67993468,64.13578033,0.480394155,-0.168748975,0.812863111
Congo (Brazzaville),2013,8.619398117,0.685934663,53.27974319,0.556099296,0.040872987,0.788037479
Congo (Brazzaville),2014,8.620271683,0.642136157,53.8265419,0.573763788,0.037506819,0.761419415
Congo (Brazzaville),2015,8.575725555,0.615449011,54.31418228,0.637366712,-0.019449173,0.780562043
Congo (Brazzaville),2016,8.559967995,0.655440509,54.80181885,0.704239547,0.003774248,0.742350757
Congo (Brazzaville),2017,6.529524803,0.829852045,55.28945923,0.897879303,0.095792539,0.936059833
Congo (Kinshasa),2013,6.58717823,0.822286069,49.34125519,0.926707387,0.017814444,0.917735159
Congo (Kinshasa),2014,6.620736122,0.767235577,49.71036148,0.906925678,0.009079852,0.848545551
Congo (Kinshasa),2015,6.611898899,0.864154518,50.06964874,0.872971952,-0.060607702,0.884059787
Congo (Kinshasa),2016,6.625340939,0.669688404,50.42893219,0.93561846,-0.034256343,0.89155972
Congo (Kinshasa),2017,9.549329758,0.902069271,50.78821945,0.626699686,-0.078268528,0.867310464
Costa Rica,2013,9.574430466,0.914211214,69.20224762,0.518878043,-0.209516346,0.868237555
Costa Rica,2014,9.610069275,0.878272951,69.36408997,0.693523049,0.126743644,0.892795146
Costa Rica,2015,9.642219543,0.900701284,69.53182983,0.671970546,-0.1018674,0.897639513
Costa Rica,2016,9.67063427,0.92169714,69.6995697,0.715822279,-0.069945291,0.851206422
Costa Rica,2017,9.911125183,0.751262069,69.86730194,0.656267941,-0.109417252,0.91589886
Croatia,2013,9.910268784,0.645697773,67.23877716,0.715065658,0.090516366,0.896880686
Croatia,2014,9.940731049,0.768363416,67.54496765,0.62803483,0.04819271,0.886467457
Croatia,2015,9.978000641,0.798332155,67.3684845,0.756220996,0.10322655,0.900430739
Croatia,2016,10.01418877,0.770309687,67.19199371,0.811670661,-0.038520422,0.866524994
Croatia,2017,10.30370331,0.744032085,67.01551056,0.725945652,0.036286667,0.170042172
Cyprus,2013,10.29927731,0.770175993,72.14528656,0.800421,-0.16277273,0.237218335
Cyprus,2014,10.3216238,0.769556105,72.3052597,0.808484197,-0.175156444,0.191016391
Cyprus,2015,10.34802914,0.786438465,72.4577713,0.850328267,-0.153370976,0.209893376
Cyprus,2016,10.36136723,0.818671048,72.6102829,0.8317855,-0.205266893,0.18114756
Cyprus,2017,10.25343132,0.888043344,72.76279449,0.920254648,-0.184590086,0.751750827
Czech Republic,2013,10.27916718,0.877915204,69.1553421,0.941572249,0.203540042,0.760023475
Czech Republic,2014,10.32893276,0.911362588,69.72926331,0.94143641,0.106718063,0.755288184
Czech Republic,2015,10.35305977,0.930592895,70.30318451,0.948230565,0.211225361,0.737182975
Czech Republic,2016,10.39345932,0.900968969,70.87710571,0.955416322,0.127811879,0.760489643
Czech Republic,2017,10.70469189,0.964707971,71.45102692,0.888566077,0.145387098,0.645848632
Denmark,2013,10.71568489,0.956344306,70.26249695,0.904574394,0.017121652,0.660934925
Denmark,2014,10.72455978,0.9597013,70.61250305,0.856025338,-0.024666486,0.665827513
Denmark,2015,10.73566341,0.954451501,70.96250153,0.872712433,-0.070029609,0.774084151
Denmark,2016,10.74898911,0.952100098,71.3125,0.855359018,-0.08508078,0.733588755
Denmark,2017,9.383256912,0.878449142,71.66249847,0.78679812,-0.127092183,0.913228452
Dominican Republic,2013,9.444549561,0.890588045,62.8519249,0.719104826,-0.196237221,0.749142587
Dominican Republic,2014,9.500883102,0.893197775,63.01388168,0.800870478,-0.173039719,0.684498072
Dominican Republic,2015,9.553850174,0.894753456,63.17458725,0.846336305,-0.119744293,0.817527413
Dominican Republic,2016,9.594573975,0.894368112,63.335289,0.879128158,-0.020777568,0.771750867
Dominican Republic,2017,9.274765968,0.801250935,63.49599457,0.473774552,-0.169955462,0.781459808
Ecuador,2013,9.296648026,0.830963194,66.566185,0.577937961,-0.150372088,0.80454427
Ecuador,2014,9.282580376,0.855889201,66.75656128,0.659261465,-0.135590494,0.797312021
Ecuador,2015,9.251891136,0.842352092,66.95172882,0.655845225,-0.097959556,0.777748585
Ecuador,2016,9.22326088,0.848941743,67.14689636,0.592504799,-0.15103294,0.726356387
Ecuador,2017,9.191586494,0.675188124,67.3420639,0.71557045,-0.161944747,0.652447462
Egypt,2013,9.19824791,0.618550718,60.93147659,0.77801466,-0.158239514,0.568734467
Egypt,2014,9.219856262,0.729744256,61.09413147,0.733355939,-0.20256269,0.639085293
Egypt,2015,9.24176693,0.809218585,61.25401688,0.799847007,-0.164656565,0.668402255
Egypt,2016,9.260223389,0.63822639,61.41390228,0.757827342,-0.193339467,0.750478268
Egypt,2017,8.940592766,0.826858878,61.5737915,0.753558695,-0.180290967,0.701800287
El Salvador,2013,8.949892998,0.797612131,63.43621826,0.773327112,-0.210579932,0.56702733
El Salvador,2014,8.967651367,0.790755391,63.66088104,0.814692378,-0.162878647,0.702880859
El Salvador,2015,8.985945702,0.793659985,63.87771225,0.842770696,-0.1735695,0.75689894
El Salvador,2016,9.001176834,0.82895261,64.09453583,0.861749232,-0.158623278,0.305770457
El Salvador,2017,10.17667389,0.900721788,64.31137085,0.706796229,-0.109588325,0.265479892
Estonia,2013,10.20779419,0.917101741,67.12309265,0.693558931,0.002870347,0.223369658
Estonia,2014,10.22374249,0.917929649,67.02971649,0.802642584,0.090263993,0.249659568
Estonia,2015,10.24334908,0.937715113,67.11460114,0.744307697,0.122134089,0.192412779
Estonia,2016,10.2858448,0.93568635,67.19949341,0.717101216,0.048651736,0.699069381
Estonia,2017,7.18973732,0.602481663,67.28438568,0.918625355,0.011871224,0.655637443
Ethiopia,2013,7.261595249,0.640452147,54.93483353,0.933043957,0.028551169,0.640602052
Ethiopia,2014,7.335052013,0.625596821,55.43561935,0.929861903,-0.011547559,0.622697055
Ethiopia,2015,7.382928848,0.718718708,55.86650085,0.948372185,0.10091465,0.601486027
Ethiopia,2016,7.43928194,0.73353976,56.29738235,0.962198973,-0.03667929,0.7804389
Ethiopia,2017,10.58223915,0.940869093,56.72826767,0.877795756,-0.012173655,0.781658471
Finland,2013,10.57176685,0.952016532,70.97862244,0.803474188,-0.135102838,0.86677748
Finland,2014,10.56838703,0.947800577,71.15820313,0.817036211,-0.128684133,0.816563547
Finland,2015,10.58463955,0.953940451,71.33779144,0.786780477,-0.149804667,0.868305504
Finland,2016,10.61233807,0.963826418,71.51737213,0.83389014,-0.10183014,0.348713607
Finland,2017,10.52854156,0.907690823,71.69696045,0.68249011,-0.133584961,0.415525645
France,2013,10.53293419,0.877504528,72.19274139,0.606613815,-0.166420281,0.50241679
France,2014,10.53915787,0.895719409,72.58893585,0.671300709,-0.2192121,0.560924053
France,2015,10.54688931,0.884922922,72.58893585,0.698942363,-0.215216756,0.589631975
France,2016,10.56077385,0.931494594,72.58893585,0.652359545,-0.226150796,0.56579423
France,2017,9.711285591,0.733487546,72.58893585,0.722127616,-0.2508322,0.473952919
Gabon,2013,9.721873283,0.828597128,55.43218231,0.71978116,-0.240373746,0.412168294
Gabon,2014,9.731310844,0.755861998,55.88830566,0.639944971,-0.220717177,0.445922136
Gabon,2015,9.728300095,0.780048966,56.30092621,0.606468379,-0.192947656,0.414021194
Gabon,2016,9.715631485,0.806941152,56.71354675,0.820908785,-0.237453327,0.880178452
Gabon,2017,9.018454552,0.559165776,57.1261673,0.894312978,-0.231422603,0.912682354
Georgia,2013,9.076712608,0.558420002,63.85675812,0.898683429,0.013549269,0.94543612
Georgia,2014,9.107768059,0.517371595,63.96407318,0.889428854,0.077234603,0.893955231
Georgia,2015,9.135268211,0.533412278,64.09186554,0.870515049,0.166920766,0.838609993
Georgia,2016,9.1690979,0.590495169,64.2196579,0.840727866,0.138018474,0.941309869
Georgia,2017,10.66696453,0.931420565,64.34745026,0.793793738,0.135307536,0.930213809
Germany,2013,10.68190861,0.937558949,70.55317688,0.676916063,-0.05797568,0.823959649
Germany,2014,10.69053364,0.925923228,71.07910156,0.852016151,0.007766452,0.898470819
Germany,2015,10.69784451,0.906029284,71.07910156,0.75116837,-0.032958232,0.87223947
Germany,2016,10.71118355,0.892166078,71.07910156,0.783046365,0.094788618,0.816769838
Germany,2017,8.244684219,0.676289201,71.07910156,0.425966531,0.084990479,0.804462552
Ghana,2013,8.260645866,0.651468754,53.84350204,0.369156331,-0.277969718,0.821654916
Ghana,2014,8.276313782,0.687448561,54.09909821,0.531736314,-0.293942839,0.812030017
Ghana,2015,8.289088249,0.647303164,54.35469818,0.481616855,-0.278119117,0.799747884
Ghana,2016,8.326971054,0.669111073,54.61029434,0.438300014,-0.266483158,0.815481603
Ghana,2017,10.07517338,0.686650038,54.8658905,0.88400501,-0.296734989,0.705246389
Greece,2013,10.08920479,0.832333207,71.25013733,0.843398929,0.041540116,0.762152016
Greece,2014,10.09288025,0.834824681,71.38269043,0.868639767,0.104445033,0.802781165
Greece,2015,10.09730911,0.802605867,71.5152359,0.862675726,0.048312992,0.750026226
Greece,2016,10.11751747,0.752899528,71.647789,0.914521694,0.008398513,0.668975711
Greece,2017,8.854383469,0.829650402,71.7803421,0.692736626,-0.0617286,0.70752126
Guatemala,2013,8.874507904,0.833974659,62.39096451,0.68355757,0.101489045,0.777403951
Guatemala,2014,8.894631386,0.822837472,62.65618896,0.66595304,0.016414611,0.838523149
Guatemala,2015,8.904734612,0.811235487,62.89811707,0.725685179,0.017058531,0.647191584
Guatemala,2016,8.918908119,0.826492071,63.14004898,0.738212824,-0.043400712,0.867699742
Guatemala,2017,7.445229053,0.566866577,63.38197708,0.610410035,0.054307584,0.834350109
Guinea,2013,7.458600521,0.63771373,49.23622131,0.508805454,0.292677075,0.848082721
Guinea,2014,7.469120026,0.578859627,49.69689941,0.398295492,0.287922472,0.792875171
Guinea,2015,7.508424759,0.675447047,50.18187332,0.303540409,0.309000641,0.783429444
Guinea,2016,7.527477264,0.634025574,50.66684341,0.484429151,0.294325322,0.422959864
Guinea,2017,7.395941734,0.648350894,51.15181732,0.698400378,0.384510309,0.40281257
Haiti,2013,7.410259247,0.554148793,52.32541656,0.695982575,-0.020098273,0.415810198
Haiti,2014,7.409274578,0.56431967,52.59812164,0.534057677,0.022095246,0.911533177
Haiti,2015,7.410928726,0.58374244,52.84775162,0.850046694,-0.089810885,0.855361402
Haiti,2016,7.403176308,0.646984994,53.09737778,0.898377419,0.087086849,0.907530308
Haiti,2017,8.337487221,0.791960239,53.34700775,0.843082368,0.080074072,0.924185812
Honduras,2013,8.350270271,0.790214539,63.08299255,0.799743414,0.205851689,0.886361301
Honduras,2014,8.368966103,0.772375524,63.24748611,0.830657244,0.082167558,0.712598741
Honduras,2015,8.387600899,0.773909986,63.41588211,0.673728287,0.122934707,0.638661802
Honduras,2016,8.404379845,0.84335494,63.58427429,0.494474709,-0.124132216,0.719299555
Honduras,2017,10.87238026,0.833558202,63.75267029,0.557721376,-0.161259592,0.726845384
Hong Kong S.A.R. of China,2014,10.90189648,0.83207792,75.73136139,0.55395174,-0.209218666,0.832356334
Hong Kong S.A.R. of China,2016,10.91716671,0.83106631,76.26802826,0.661165953,-0.198393941,0.832141995
Hong Kong S.A.R. of China,2017,10.04841042,0.877318323,76.53636169,0.9232077,-0.150793031,0.776434958
Hungary,2013,10.09251308,0.844735265,66.49794769,0.94048512,0.297882915,0.764722109
Hungary,2014,10.12800789,0.858733833,66.67180634,0.951609552,0.293037444,0.780802786
Hungary,2015,10.15244865,0.899511576,66.84565735,0.938783288,0.272110164,0.972668588
Hungary,2016,10.19323826,0.876747549,67.01950836,0.740176618,0.235478714,0.970144212
Hungary,2017,10.62368298,0.967144907,67.193367,0.809382915,0.071944594,0.945967257
Iceland,2013,10.66135502,0.980283201,72.05354309,0.777225256,-0.038502187,0.889677405
Iceland,2015,10.72054195,0.984940052,72.75598145,0.820068777,-0.018222917,0.900416434
Iceland,2016,10.76040936,0.966752827,72.75598145,0.88585043,0.033288639,0.685038149
Iceland,2017,8.531806946,0.552826345,72.75598145,0.780690789,-0.0545028,0.639682412
India,2013,8.592283249,0.621466637,58.50215912,0.71941328,0.362211913,0.698951244
India,2014,8.657661438,0.61013329,58.77047729,0.779418349,0.393875748,0.712782621
India,2015,8.714838028,0.613529384,59.01452637,0.82994163,0.456970751,0.714941323
India,2016,8.768456459,0.606767476,59.25857925,0.865026295,0.485145062,0.709726155
India,2017,9.174015999,0.793760836,59.50262833,0.730214715,0.472973853,0.726008117
Indonesia,2013,9.21064949,0.904827833,59.98728943,0.766822994,0.181331903,0.762167156
Indonesia,2014,9.246450424,0.809478104,60.1386795,0.780383229,0.206236124,0.798866451
Indonesia,2015,9.284013748,0.791830599,60.28725815,0.773303747,0.141992077,0.757108808
Indonesia,2016,9.322167397,0.795589209,60.43583679,0.730635166,0.150406659,0.558394194
Indonesia,2017,9.704015732,0.66370672,60.58441544,0.646006584,0.182735115,0.406036258
Iran,2013,9.736499786,0.644063771,65.00792694,0.599459946,-0.089311756,0.408756912
Iran,2014,9.711170197,0.572406888,65.27844238,0.666160166,-0.040665306,0.398544312
Iran,2015,9.825400352,0.566281199,65.50714111,0.627722025,-0.022023709,0.33708474
Iran,2016,9.853448868,0.714232922,65.73584747,0.883772016,-0.091289066,0.848537862
Iran,2017,9.621003151,0.728285432,65.96455383,0.921629548,-0.038429033,0.818039954
Iraq,2013,9.595374107,0.725150704,60.2989006,0.892276943,0.320522308,0.789429903
Iraq,2014,9.611053467,0.684434831,60.49945831,0.874589145,0.25219956,0.804056585
Iraq,2015,9.685761452,0.718956709,60.68158722,0.905341148,0.219868049,0.792652249
Iraq,2016,9.622719765,0.695109367,60.86371613,0.739001632,0.161003679,0.942639291
Iraq,2017,10.73034668,0.955188334,61.04584503,0.706974626,0.206801742,0.919959545
Ireland,2013,10.80623436,0.967744648,71,0.752783954,0.142626047,0.912753046
Ireland,2014,11.02099895,0.95294255,71.3057251,0.772297323,0.085945688,0.902801216
Ireland,2015,11.05076122,0.958144009,71.44041443,0.768076301,0.100288846,0.866667926
Ireland,2016,11.06648731,0.943481982,71.57509613,0.499168754,0.144781038,0.691117585
Ireland,2017,10.34980011,0.908515871,71.70978546,0.623531222,0.137158513,0.671356261
Israel,2013,10.36413765,0.889069736,72.04925537,0.574765742,-0.110441908,0.744249642
Israel,2014,10.37425232,0.864130199,72.13491821,0.623741627,-0.073058255,0.757453382
Israel,2015,10.39464664,0.889660776,72.04497528,0.632843256,-0.072609469,0.770940244
Israel,2016,10.40613174,0.916440845,71.95502472,0.739193261,-0.088797256,0.930722296
Israel,2017,10.44056034,0.916296065,71.86508179,0.780773103,-0.043380704,0.861132503
Italy,2013,10.43252182,0.89789933,72.72756195,0.7997455,-0.013695938,0.882796168
Italy,2014,10.44341278,0.908986509,73.07937622,0.768789351,-0.063421518,0.650498211
Italy,2015,10.45493507,0.927212834,73.43118286,0.732097924,-0.037086099,0.617483139
Italy,2016,10.4724741,0.919791222,73.7829895,0.79319495,-0.027511623,0.654443085
Italy,2017,7.965493679,0.708571136,74.13479614,0.808973134,-0.095353842,0.697639346
Ivory Coast,2013,8.024382591,0.710991681,45.14600372,0.860676348,-0.020674154,0.659198642
Ivory Coast,2014,8.083826065,0.703991652,45.60689163,0.821416557,-0.000494599,0.819989383
Ivory Coast,2015,8.138788223,0.617400765,46.06790924,0.838051736,-0.130832732,0.805351257
Ivory Coast,2016,8.180943489,0.661375344,46.52892685,0.831694186,-0.164039567,0.713844299
Ivory Coast,2017,8.990375519,0.864943385,46.98994064,0.836064637,-0.156489342,0.702016652
Jamaica,2013,8.993581772,0.874231517,65.28887939,0.849396586,-0.172429249,0.755250692
Jamaica,2014,9.025864601,0.91302985,65.4344101,0.692227006,-0.079771206,0.861003399
Jamaica,2017,10.52268314,0.923688352,65.81879425,0.728743196,-0.223296791,0.849194229
Japan,2013,10.52736092,0.900040329,74.40352631,0.766517043,-0.117127448,0.852549851
Japan,2014,10.5405426,0.922657192,74.63196564,0.771350622,-0.104411937,0.828411579
Japan,2015,10.55195904,0.899773836,74.86040497,0.766262472,-0.045955718,0.85400039
Japan,2016,10.56816864,0.881961286,75.08885193,0.781591058,-0.038151234,0.935094595
Japan,2017,9.077575684,0.840379238,75.31729126,0.799462974,-0.151522875,0.775200605
Jordan,2013,9.062093735,0.816130996,63.91085815,0.740132809,-0.244606882,0.850647092
Jordan,2014,9.046768188,0.830443859,64.03887939,0.782805562,-0.011543796,0.940897942
Jordan,2015,9.034749031,0.819944739,64.16521454,0.745243967,-0.052528065,0.92519182
Jordan,2016,9.025333405,0.814664543,64.29154205,0.708332241,-0.051563937,0.899560452
Jordan,2017,10.04206657,0.889009714,64.4178772,0.819018543,-0.049178492,0.896767378
Kazakhstan,2013,10.06841087,0.79529345,62.16176605,0.792990327,0.228983611,0.857725024
Kazakhstan,2014,10.06570339,0.931349277,63.1941185,0.748508275,0.188738659,0.916922808
Kazakhstan,2015,10.0623312,0.927810669,63.52941132,0.853394389,0.237058178,0.874494493
Kazakhstan,2016,10.0718708,0.914093196,63.86470795,0.568463147,0.314662308,0.591616809
Kazakhstan,2017,7.894681931,0.824806035,64.19999695,0.44139123,0.250179261,0.836553633
Kenya,2013,7.920456409,0.765436411,56.99938965,0.561048269,0.106924146,0.803687513
Kenya,2014,7.950024128,0.77692306,57.51294708,0.827398598,0.004026015,0.808400393
Kenya,2015,7.981255054,0.70592159,57.90524292,0.857676744,0.17319265,0.867639601
Kenya,2016,8.01025486,0.714604318,58.29753876,0.750524879,0.117103048,0.79837811
Kenya,2017,9.061113358,0.720750391,58.68983841,0.821662426,0.041405596,0.920827806
Kosovo,2013,9.076169968,0.705632329,61.48379135,0.840967178,-0.115944043,0.939358175
Kosovo,2014,9.120427132,0.805270791,61.74432373,0.884181619,-0.048504289,0.888953269
Kosovo,2015,9.164076805,0.82380271,61.96037674,0.755036652,-0.062433012,0.853114486
Kosovo,2016,11.21296215,0.792087257,62.17642975,0.736290097,0.377896905,0.910727262
Kosovo,2017,11.16806412,0.861948133,62.39247894,0.813175857,0.222191751,0.742873371
Kuwait,2013,11.13424301,0.823017776,64.9475708,0.813939214,0.078918613,0.868966281
Kuwait,2014,11.13985634,0.845222056,65.0563736,0.859389782,0.166667372,0.902672648
Kuwait,2015,11.11179256,0.853491306,65.16390228,0.891000748,0.076482594,0.901267469
Kuwait,2016,8.045762062,0.850715518,65.27143097,0.630507529,-0.08055073,0.866806388
Kuwait,2017,8.065153122,0.898024797,65.37895966,0.670653164,-0.0508052,0.673065543
Kyrgyzstan,2013,8.082588196,0.856584549,62.06302643,0.65639317,-0.085116692,0.936335504
Kyrgyzstan,2014,8.099241257,0.914375484,62.23983765,0.685299277,-0.164454147,0.956347883
Kyrgyzstan,2015,8.11204052,0.882586658,62.45977402,0.699520111,-0.163831443,0.92417407
Kyrgyzstan,2016,8.708567619,0.70733577,62.67971039,0.654868305,-0.004645911,0.949392676
Kyrgyzstan,2017,9.980222702,0.834022582,62.89964676,0.657207966,-0.012245976,0.300811768
Laos,2017,10.00858498,0.881255507,57.8695755,0.596749783,0.07250116,0.366286784
Latvia,2013,10.04474258,0.879372418,64.98500061,0.657357454,0.030867048,0.37539047
Latvia,2014,10.0739727,0.917073965,65.10926056,0.604554176,-0.075028144,0.356336325
Latvia,2015,10.1330328,0.895098746,65.10926056,0.729489863,-0.100786686,0.330173582
Latvia,2016,9.575028419,0.708228052,65.10926056,0.590450883,0.022859605,0.860541105
Latvia,2017,9.534694672,0.758719444,65.10926056,0.671430886,-0.008701568,0.860599697
Lebanon,2013,9.499474525,0.741707742,68.26715088,0.763476014,0.086077176,0.824178994
Lebanon,2014,9.493102074,0.827885926,68.41890717,0.733389914,0.04057676,0.869719028
Lebanon,2015,9.491579056,0.776583016,68.56723785,0.774544954,-0.071999818,0.855697274
Lebanon,2016,7.914381981,0.798059285,68.71556854,0.822384834,-0.130131885,0.86770767
Lebanon,2017,6.690494061,0.708301783,68.8638916,0.778695881,-0.245553687,0.79105562
Lesotho,2016,6.665997982,0.637665987,46.48040009,0.555815279,-0.27263096,0.860953391
Liberia,2014,6.624804974,0.642614603,51.58168793,0.507947206,-0.262814581,0.864171147
Liberia,2015,6.629414082,0.684866846,51.98340988,0.641470194,-0.275435746,0.847260773
Liberia,2016,9.497083664,0.867987692,52.38512802,0.614239335,-0.182276621,0.856666088
Liberia,2017,9.625382423,0.87606585,52.78684998,0.749307334,-0.068510741,0.824017882
Libya,2015,10.13252163,0.822758794,61.29526901,0.789655447,0.090384804,0.834825397
Libya,2016,10.17547321,0.91251415,61.38998795,0.937987685,0.037600271,0.823615015
Libya,2017,10.20251083,0.908239841,61.48470688,0.932256401,0.005297689,0.734636605
Lithuania,2013,10.2365284,0.92852354,64.92501831,0.882365346,0.029771445,0.755383492
Lithuania,2014,10.28265762,0.937873363,65.45418549,0.90282172,0.02225201,0.844815433
Lithuania,2015,11.41483116,0.926316619,65.98335266,0.640952647,0.0320765,0.837892234
Lithuania,2016,11.44737625,0.916683257,66.51252747,0.64474082,-0.049329836,0.754807353
Lithuania,2017,11.45199203,0.875469446,67.04169464,0.660318911,0.077230327,0.657930553
Luxembourg,2013,11.45915508,0.933604598,71.8243866,0.706179321,-0.062728427,0.800046742
Luxembourg,2014,11.46523094,0.941260576,72.2013092,0.752106607,-0.010739038,0.862326682
Luxembourg,2015,9.382415771,0.905435503,72.2013092,0.479550391,-0.015436864,0.862655163
Luxembourg,2016,9.417222977,0.832253754,72.2013092,0.528805017,-0.033088386,0.669645309
Luxembourg,2017,9.454047203,0.792998135,72.2013092,0.544753611,-0.061459843,0.663886309
Macedonia,2013,9.476909637,0.766368151,65.28764343,0.569645405,-0.025507912,0.696494639
Macedonia,2014,9.50363636,0.871212244,65.44247437,0.570347905,0.07514552,0.690494537
Macedonia,2015,7.218430519,0.79995513,65.58690643,0.751995265,0.057695087,0.675553739
Macedonia,2016,7.224040031,0.672546744,65.7313385,0.785766721,0.054794814,0.589483082
Macedonia,2017,7.227784634,0.655214131,65.8757782,0.801390707,0.062750474,0.715358436
Madagascar,2013,7.241845608,0.646716535,55.58588409,0.809884131,0.021560058,0.841835141
Madagascar,2014,7.249253273,0.746496975,55.94644547,0.847920775,0.245237038,0.777314067
Madagascar,2015,6.968064308,0.626331985,56.29579163,0.79131043,0.22050041,0.879405558
Madagascar,2016,6.994269848,0.563161552,56.64513779,0.808384359,0.203514993,0.890661359
Madagascar,2017,6.992741108,0.511616111,56.99448395,0.674594462,-0.047895018,0.818179905
Malawi,2013,6.988229752,0.494381636,51.61562729,0.664711058,-0.032202613,0.614747047
Malawi,2014,7.00270319,0.524299622,52.38695908,0.651513875,-0.062366147,0.629851162
Malawi,2015,10.05294991,0.555422723,53.00285339,0.633753538,-0.064837813,0.707971931
Malawi,2016,10.09388638,0.830900133,53.61874771,0.696007371,-0.064547285,0.808579445
Malawi,2017,10.12669563,0.863067031,54.23464203,0.753213346,0.398308456,0.800893068
Malaysia,2013,7.492049217,0.817616284,64.75732422,0.909436285,0.391501367,0.940632403
Malaysia,2014,7.531102657,0.81969142,64.91131592,0.903936625,0.33572951,0.924806714
Malaysia,2015,7.559678555,0.843123436,65.05530548,0.91217804,0.333253354,0.943118811
Mali,2013,7.586338997,0.830189168,47.60936737,0.916023612,0.241762459,0.969482958
Mali,2014,7.608559132,0.836254537,47.98880768,0.923642933,-0.061642654,0.926333785
Mali,2015,10.3152256,0.741359413,48.38543701,0.60280025,-0.038156051,0.927854478
Mali,2016,10.38436317,0.942231417,48.78207016,0.468318135,0.074283458,0.908596814
Mali,2017,10.44209957,0.941215873,49.17869949,0.447086573,-0.156557575,0.900218189
Malta,2013,10.48412037,0.918764889,71.65420532,0.466561466,-0.134765625,0.900452137
Malta,2014,10.50269985,0.930369377,71.82951355,0.527446806,0.163749352,0.864952207
Malta,2015,8.179065704,0.937331796,71.82951355,0.824230313,0.126588583,0.69337213
Malta,2016,8.203957558,0.741155803,71.82951355,0.819175661,0.073929414,0.768465519
Malta,2017,8.189137459,0.852777958,71.82951355,0.912307501,-0.170896098,0.781232595
Mauritania,2013,8.180959702,0.874945939,52.72402191,0.738716662,-0.10005594,0.848966599
Mauritania,2014,8.187707901,0.784826875,52.89084244,0.779132903,-0.15708296,0.755680025
Mauritania,2015,9.812241554,0.77922523,53.03900528,0.719465971,-0.157982796,0.771112204
Mauritania,2016,9.881625175,0.784822047,53.18717194,0.751613081,-0.206639215,0.841856956
Mauritania,2017,9.914654732,0.836032152,53.33533859,0.861405134,-0.021541858,0.717356145
Mauritius,2014,9.699892998,0.910142243,65.17074585,0.657734275,-0.066109814,0.840502441
Mauritius,2016,9.708677292,0.759138405,65.44968414,0.623186231,-0.042142995,0.631573498
Mauritius,2017,9.72148037,0.781964958,65.5891571,0.595241427,0.000913991,0.682108939
Mexico,2013,9.731064796,0.760614276,67.46112823,0.557369471,-0.003178872,0.637765765
Mexico,2014,9.741969109,0.893492579,67.61637115,0.552825212,0.120824382,0.591632962
Mexico,2015,8.421093941,0.799839377,67.7769928,0.748014033,0.130435705,0.633305192
Mexico,2016,8.468586922,0.802882969,67.93761444,0.752354145,0.157197952,0.607286572
Mexico,2017,8.465222359,0.804968834,68.09822845,0.685510755,0.073655866,0.618821502
Moldova,2013,8.505997658,0.8399055,62.87981796,0.759740949,0.106451347,0.790228367
Moldova,2014,8.545788765,0.83732146,63.14346313,0.674627423,-0.178259075,0.831302881
Moldova,2015,9.279871941,0.83076793,63.32939148,0.502264977,0.09407042,0.877340496
Moldova,2016,9.336853981,0.934741557,63.51531601,0.50266552,-0.146710485,0.840685844
Moldova,2017,9.34241581,0.943436682,63.70124435,0.583317339,-0.090254776,0.823508382
Mongolia,2013,9.337942123,0.905524373,61.43270493,0.568633676,-0.084890783,0.81711489
Mongolia,2014,9.318548203,0.947489381,61.68592072,0.625906289,-0.222547248,0.770177126
Mongolia,2015,9.585440636,0.924250782,61.89481735,0.571629941,-0.239932984,0.504529953
Mongolia,2016,9.602149963,0.735565186,62.10371399,0.712933421,-0.249711856,0.45694837
Mongolia,2017,9.634930611,0.862930357,62.31261063,0.816556096,-0.227919385,0.41182211
Montenegro,2013,9.662998199,0.73963052,66.30839539,0.814258039,0.09810739,0.43330425
Montenegro,2014,9.694497108,0.865743697,66.55479431,0.813229263,-0.021502597,0.363133639
Montenegro,2015,8.853084564,0.881199837,66.75059509,0.822670519,0.669333935,0.312235802
Montenegro,2016,8.893662453,0.597165704,66.94638824,0.775447607,0.67777276,0.272608608
Montenegro,2017,8.890939713,0.605917633,67.14218903,0.80797106,0.666991115,0.185888708
Morocco,2013,8.915043831,0.655409336,64.4109726,0.877491176,0.65864408,0.278270781
Morocco,2015,7.019493103,0.641193092,64.88350677,0.886011839,0.62870574,0.221887484
Morocco,2016,7.046577454,0.665858209,65.11118317,0.849354982,-0.191406459,0.636246741
Morocco,2017,8.402433395,0.678463697,65.33885956,0.810401857,-0.20176585,0.698808014
Mozambique,2015,8.470104218,0.75672549,48.91352844,0.72226578,0.162228763,0.727998376
Mozambique,2017,8.528500557,0.774267435,49.9577446,0.711877644,0.132952183,0.731464922
Myanmar,2013,8.576414108,0.752064288,56.9900589,0.763447225,0.240085691,0.672963321
Myanmar,2014,8.634504318,0.793461978,57.17896271,0.839488447,0.181324169,0.710963428
Myanmar,2015,9.171328545,0.795183837,57.33304977,0.84514761,0.146511137,0.60472846
Myanmar,2016,9.203362465,0.762783587,57.48713303,0.918995857,0.292582154,0.702549696
Myanmar,2017,7.679690838,0.82833904,57.64122009,0.910179615,0.319302261,0.814493895
Namibia,2014,7.725852966,0.740098953,53.45998383,0.903978765,0.249118462,0.777660012
Namibia,2017,7.746851921,0.785883367,55.49542618,0.907310009,0.22616823,0.905309319
Nepal,2013,7.739643097,0.74761188,59.9701767,0.920319736,0.237440467,0.926109254
Nepal,2014,7.801309109,0.837043643,60.30058289,0.944000423,0.227064878,0.904706836
Nepal,2015,10.71866417,0.816383302,60.62237167,0.931882441,0.338060349,0.834891975
Nepal,2016,10.72916317,0.924705446,60.94416428,0.941784263,0.319662869,0.715356171
Nepal,2017,10.74708652,0.908995748,61.26595688,0.926576018,0.256222397,0.692221284
Netherlands,2013,10.76432228,0.879010439,71.26724243,0.942279458,0.28505671,0.659180284
Netherlands,2014,10.79181385,0.925944209,71.61999512,0.859149039,0.040594693,0.670191407
Netherlands,2015,10.42943382,0.936501324,71.61999512,0.817320645,0.105100371,0.404825836
Netherlands,2016,10.44780922,0.958153486,71.61999512,0.809259176,0.077852145,0.298814356
Netherlands,2017,10.46163177,0.942380846,71.61999512,0.716534257,0.039651159,0.409666121
New Zealand,2013,10.47082806,0.98734349,71.479599,0.922162771,0.010326705,0.249711379
New Zealand,2014,10.47576237,0.93660289,71.47745514,0.825387061,-0.058858745,0.791835248
New Zealand,2015,8.437874794,0.95492065,71.52307129,0.687634289,-0.02864112,0.676927507
New Zealand,2016,8.473205566,0.868216038,71.56868744,0.728128314,-0.014219797,0.716641188
New Zealand,2017,8.509345055,0.838567436,71.61430359,0.701927304,0.002531102,0.79253006
Nicaragua,2013,8.544193268,0.826908529,65.31340027,0.68355757,-0.012236271,0.713928223
Nicaragua,2014,8.575318336,0.852702439,65.55421448,0.621587694,0.03960998,0.779645741
Nicaragua,2015,6.772846699,0.83804369,65.78673553,0.680470288,-0.046517052,0.804165423
Nicaragua,2016,6.807010651,0.695813596,66.01926422,0.797690511,0.032186322,0.77430135
Nicaragua,2017,6.807470322,0.752533853,66.25178528,0.825905561,0.113301486,0.812464654
Niger,2013,6.818341255,0.713019609,49.77864838,0.775383294,0.154694989,0.830646336
Niger,2014,6.831231594,0.682828248,50.2038269,0.829677284,0.230559945,0.814464629
Niger,2015,8.608688354,0.582109571,50.5778656,0.785352826,0.106471196,0.846593857
Niger,2016,8.64305687,0.662943304,50.9519043,0.796233833,0.210104033,0.809942901
Niger,2017,8.60056591,0.811647654,51.32594299,0.956316173,0.085226193,0.836976767
Nigeria,2013,8.58562088,0.804766953,44.39230728,0.947620511,0.126020953,0.840777099
Nigeria,2015,11.05752373,0.733468533,45.12934494,0.954352319,0.070737407,0.902550995
Nigeria,2016,11.06708241,0.869274199,45.50125122,0.953016818,0.079944424,0.762375772
Nigeria,2017,11.06943226,0.801801682,45.8731575,0.447909594,0.030328112,0.862888277
North Cyprus,2013,11.08178902,0.79138273,71.086586,0.543138504,-0.152372807,0.756116271
North Cyprus,2014,8.403820992,0.807690263,71.086586,0.586546242,-0.147949129,0.869899273
North Cyprus,2015,8.428629875,0.941161931,71.086586,0.634182811,-0.159322232,0.877822161
North Cyprus,2016,8.45440197,0.946833968,71.086586,0.712657094,-0.13439247,0.883730412
Norway,2014,8.487689018,0.959742844,56.80862808,0.453903377,0.025256436,0.86591959
Norway,2015,8.519006729,0.950127661,56.99007797,0.657049835,0.008149669,0.895384133
Norway,2016,8.411455154,0.607087076,57.14771652,0.556040943,-0.001248605,0.756388545
Norway,2017,8.370901108,0.551683307,57.30535889,0.607669413,-0.096953698,0.787219465
Pakistan,2013,8.458488464,0.561720133,57.46299744,0.631611288,-0.164080471,0.755191565
Pakistan,2014,8.46180439,0.626921296,62.60250092,0.811337948,0.056353856,0.791962206
Pakistan,2015,9.855213165,0.690263569,62.72000122,0.893915117,0.009019198,0.711165547
Pakistan,2016,9.897058487,0.760899544,62.83749771,0.846669197,0.003019272,0.915677428
Pakistan,2017,9.936646461,0.775086701,62.95499802,0.884479761,-0.06036834,0.897741735
Palestinian Territories,2013,9.968101501,0.766101241,63.07249832,0.899573505,-0.077736996,0.810096323
Palestinian Territories,2014,10.00271416,0.817770958,67.37644958,0.908905864,-0.147824064,0.847753942
Palestinian Territories,2015,9.015202522,0.824345112,67.54421234,0.759396434,-0.10156054,0.946257353
Palestinian Territories,2016,9.048003197,0.895719826,67.71128082,0.806124747,-0.145887688,0.94107008
Palestinian Territories,2017,9.06407547,0.87347424,67.87834167,0.853534281,-0.166747421,0.941050768
Panama,2013,9.090585709,0.88261503,68.04541016,0.703041255,0.015255213,0.922192395
Panama,2014,9.344018936,0.882460237,63.09658813,0.722352386,-0.021333195,0.880970538
Panama,2015,9.3540411,0.911904812,63.20809174,0.802269042,-0.05721477,0.95184356
Panama,2016,9.373098373,0.938647211,63.30391312,0.829843879,-0.077418268,0.95832473
Panama,2017,9.398610115,0.959249556,63.39973068,0.826552153,-0.147851661,0.961650968
Paraguay,2013,9.413349152,0.914199054,64.62174225,0.907458425,-0.148124471,0.949044526
Paraguay,2014,8.749375343,0.93986696,64.81194305,0.902185738,-0.07535246,0.925658047
Paraguay,2015,8.792685509,0.796768486,65.01037598,0.911533594,-0.10438063,0.933804512
Paraguay,2016,8.835586548,0.818986952,65.2088089,0.907595754,-0.102382511,0.869267285
Peru,2013,8.886888504,0.798418343,65.40724182,0.925703108,-0.133134007,0.913418293
Peru,2014,8.938967705,0.802856445,59.76951981,0.775931358,-0.125444293,0.925462723
Peru,2015,10.06711483,0.830123365,59.88710403,0.875357091,-0.133559808,0.861590207
Peru,2016,10.10016727,0.846413136,60.00856781,0.793462157,-0.170418113,0.117165409
Peru,2017,10.13855839,0.813300192,60.13003159,0.870707512,-0.23237966,0.07800018
Philippines,2013,10.16781044,0.853588581,60.25149155,0.830842614,-0.182598397,0.09460447
Philippines,2014,10.21113968,0.821298718,67,0.78803277,-0.134979978,0.158601388
Philippines,2015,10.15247917,0.851028562,67.52420044,0.846810102,-0.106183335,0.836612225
Philippines,2016,10.16676331,0.911934912,68.04840088,0.800440311,-0.147334963,0.699660003
Philippines,2017,10.18896103,0.923642278,68.57260132,0.83806932,-0.121515714,0.765490174
Poland,2013,10.20746899,0.893090427,69.09680176,0.905065656,-0.164420739,0.794353724
Poland,2014,10.23670864,0.91739881,70.75627899,0.654542148,-0.304050118,0.825241864
Poland,2015,11.6931572,0.881854117,71.10689545,0.754235506,-0.279212117,0.908122003
Poland,2016,9.852649689,0.867180824,71.4575119,0.795847714,-0.184899792,0.911732435
Poland,2017,9.886694908,0.86182946,71.80812836,0.8217206,-0.194762796,0.859358013
Portugal,2013,9.930371284,0.866213858,72.15874481,0.838586688,-0.158567786,0.889765203
Portugal,2014,9.980818748,0.90463537,67.53752136,0.661185563,-0.02107743,0.851457834
Portugal,2015,10.02889156,0.899984837,66.94844818,0.744332075,-0.017352309,0.855862677
Portugal,2016,10.13237858,0.777552068,66.85708618,0.685454726,0.029976273,0.786132097
Portugal,2017,10.12182331,0.75294137,66.85708618,0.713606298,0.029825214,0.824828029
Qatar,2015,10.09097576,0.786967337,66.85708618,0.73087424,-0.105922118,0.863264859
Romania,2013,10.08689213,0.809229195,66.85708618,0.904272258,-0.09751229,0.848398328
Romania,2014,10.10368347,0.811240137,62.39573669,0.894025266,-0.069890961,0.242398053
Romania,2015,7.338989735,0.880856991,62.54149628,0.907892346,-0.157428324,0.132603154
Romania,2016,7.387414455,0.931755424,62.68725967,0.910736382,-0.156905413,0.098943882
Romania,2017,7.447685242,0.924363256,62.83301926,0.661042333,-0.038765803,0.047311153
Russia,2013,7.48085165,0.910927355,62.97878265,0.762251675,-0.030413957,0.161790684
Russia,2014,10.81048679,0.896151304,55.44229126,0.820207238,-0.09641131,0.914539933
Russia,2015,10.81894684,0.749632955,55.94205856,0.774267733,-0.071341716,0.913870215
Russia,2016,10.83414841,0.748304188,56.37151337,0.814142168,-0.029066099,0.92754513
Russia,2017,10.82890034,0.678143561,56.80096817,0.635539532,-0.10401623,0.916609168
Rwanda,2013,10.81198788,0.665130913,63.47610855,0.692353189,0.068064809,0.920422673
Rwanda,2014,7.694376469,0.826695323,63.62934875,0.719533265,-0.065328665,0.917839587
Rwanda,2015,7.704609871,0.818419814,63.78081131,0.743729651,-0.070948005,0.909118295
Rwanda,2016,7.737988472,0.819749713,63.93227768,0.686937034,-0.081415586,0.892197907
Saudi Arabia,2013,7.774625301,0.889932334,64.08374023,0.532839715,-0.061319377,0.838474393
Saudi Arabia,2014,7.811985493,0.840086281,56.54750443,0.531597257,0.04355019,0.828794718
Saudi Arabia,2015,9.4951334,0.822957873,56.94032288,0.545892,0.061933748,0.456470013
Saudi Arabia,2016,9.481345177,0.855522096,57.28717422,0.614370823,0.117161058,0.410235763
Saudi Arabia,2017,9.493842125,0.70153451,57.63402557,0.684846342,0.08922568,0.44080174
Senegal,2013,9.526796341,0.838994384,57.98087692,0.719510674,0.095904887,0.799543023
Senegal,2014,9.561537743,0.743759334,65.16065216,0.681497633,0.135153309,0.820258021
Senegal,2015,7.411629677,0.828068733,65.2917099,0.624296129,0.131434411,0.85269475
Senegal,2016,7.433709621,0.782708704,65.42276764,0.681202114,0.125497803,0.812858999
Senegal,2017,7.182332039,0.81625104,65.55382538,0.710613549,0.120411552,0.864781916
Serbia,2013,7.221711159,0.894894958,65.68487549,0.827102542,-0.067319475,0.831863225
Serbia,2014,7.253018379,0.883770406,42.72410583,0.834887624,-0.142205775,0.834068358
Serbia,2015,11.2714777,0.708426833,43.19047165,0.886890888,-0.143978938,0.840721607
Serbia,2016,11.29359245,0.868556499,43.5891571,0.903735638,-0.077814296,0.861816347
Serbia,2017,11.3008709,0.610593736,43.98784256,0.926127851,-0.072076842,0.850690424
Sierra Leone,2013,11.30766296,0.656723499,44.38652802,0.597935796,0.028237589,0.741540551
Sierra Leone,2014,11.31704998,0.652287126,75.30990601,0.634791732,0.044557199,0.709605932
Sierra Leone,2015,10.18794155,0.807910562,75.53770447,0.587157667,-0.0001313,0.785317779
Sierra Leone,2016,10.21410275,0.822033048,75.62926483,0.700098515,-0.062880538,0.761269629
Sierra Leone,2017,10.25093079,0.86643666,75.72083282,0.714224696,-0.033475116,0.915822566
Singapore,2013,10.28273392,0.925128222,75.81240082,0.890059829,-0.088512197,0.853887916
Singapore,2014,10.31394196,0.897349894,67.36338043,0.887747705,-0.128491253,0.821664929
Singapore,2015,10.22639275,0.909378529,67.71601105,0.896007299,-0.138649702,0.818558574
Singapore,2016,10.25476551,0.924242675,68.06864166,0.903551102,-0.081525691,0.791268766
Singapore,2017,10.27635193,0.94345367,68.42127228,0.920862675,-0.139256224,0.842013538
Slovakia,2013,10.3067131,0.945179105,68.77391052,0.873878837,-0.060346231,0.790626824
Slovakia,2014,10.35351658,0.913386643,70.28170776,0.967869282,-0.053714354,0.859470963
Slovakia,2015,9.429124832,0.932119727,70.94329071,0.917322814,-0.04649435,0.844210029
Slovakia,2016,9.430441856,0.908347547,70.94329071,0.714169025,0.015434954,0.793785036
Slovakia,2017,9.427493095,0.901163757,70.94329071,0.794030964,0.003354594,0.324481547
Slovenia,2013,9.414111137,0.934487343,70.94329071,0.862449408,0.02525798,0.250389993
Slovenia,2014,9.405202866,0.928187847,47.09350586,0.774136424,0.119170479,0.231964141
Slovenia,2015,10.39049339,0.610835552,47.43921661,0.787427902,0.01706657,0.246182442
Slovenia,2016,10.41707993,0.599281073,47.78492737,0.641884267,-0.110599332,0.239366919
Slovenia,2017,10.43932724,0.594416559,51.69158936,0.623193622,-0.037409976,0.283089578
Somalia,2014,10.46269894,0.839424491,52.68972397,0.61584878,-0.081511393,0.209533513
Somalia,2015,10.48973465,0.881152213,53.53625107,0.590956032,-0.057693832,0.301562965
Somalia,2016,7.595668793,0.898096263,54.38278198,0.538113713,-0.042156253,0.316183478
South Africa,2013,7.500065804,0.875389755,55.22930908,0.567259312,0.260506958,0.663430989
South Africa,2014,7.461285591,0.870313287,73.63548279,0.511631012,0.291067839,0.685236931
South Africa,2015,10.33133125,0.79669416,74.04169464,0.439919025,0.31106618,0.841231883
South Africa,2016,10.34802628,0.737754107,74.04169464,0.456011087,0.084577233,0.865740597
South Africa,2017,10.3824873,0.768350601,74.04169464,0.759356439,-0.07236103,0.857194841
South Korea,2013,10.41478729,0.811163485,74.04169464,0.738472342,0.146141112,0.810521007
South Korea,2014,10.44522285,0.806929946,48.69511795,0.73200047,0.188916102,0.742780089
South Korea,2015,9.233930588,0.545118451,49.13680267,0.768173754,0.198151082,0.76423651
South Korea,2016,9.273351669,0.584781349,49.5784874,0.755560756,0.131626412,0.698430777
South Korea,2017,9.311257362,0.532151818,50.02017212,0.834020317,0.155486837,0.741689622
South Sudan,2014,9.377954483,0.556822658,73.95972443,0.867936432,0.047115862,0.631887853
South Sudan,2015,8.340058327,0.928640485,74.09434509,0.902074754,0.095988229,0.71833688
South Sudan,2016,10.6799593,0.947864413,74.22897339,0.827077389,0.075722456,0.859005868
South Sudan,2017,10.69574738,0.95647186,74.36359406,0.3900958,0.167874664,0.877885878
Spain,2013,10.72939968,0.941736817,74.49821472,0.935910523,0.064330526,0.906422615
Spain,2014,10.75068665,0.903158188,64.70471954,0.945273399,0.002124814,0.739247262
Spain,2015,10.77040577,0.809175253,64.83937073,0.935072064,0.022273354,0.653606057
Spain,2016,10.95462418,0.804798007,64.99042511,0.918036401,0.00938015,0.925430059
Spain,2017,10.95543003,0.862500072,65.29253387,0.934582114,0.124936186,0.919834435
Sri Lanka,2013,10.95832348,0.822770596,53.82001114,0.949401438,0.047228873,0.913651109
Sri Lanka,2014,10.95554829,0.81061554,71.96144867,0.927802444,0.10295748,0.877978384
Sri Lanka,2015,7.799993992,0.915648043,72.22272491,0.933947086,0.140499935,0.883816779
Sri Lanka,2017,7.842475414,0.932719827,72.48400116,0.924996912,0.170367196,0.79534179
Sudan,2014,7.878757477,0.929459989,72.74526978,0.45488289,0.106598906,0.733261764
Sweden,2013,7.923922062,0.912060678,73.00654602,0.448270857,0.445923597,0.815044165
Sweden,2014,7.956589699,0.914016783,73.17375946,0.690070868,0.54221499,0.725519598
Sweden,2015,7.747787952,0.958796322,73.17375946,0.692899764,0.305584073,0.947674036
Sweden,2016,7.784098148,0.93833375,73.17375946,0.700810492,0.345258892,0.911336362
Sweden,2017,7.820422173,0.927628279,73.17375946,0.718925178,0.202452391,0.886026919
Switzerland,2014,7.856814861,0.949661374,61.06104279,0.75965476,-0.080323517,0.783134162
Switzerland,2015,7.896313667,0.585450053,60.95451355,0.693119764,-0.064116418,0.814824998
Switzerland,2016,9.600893021,0.463912874,70.29000092,0.852732241,-0.002163592,0.810745656
Switzerland,2017,9.605988503,0.816992879,70.51999664,0.84654212,-0.037704486,0.868826747
Syria,2013,9.631463051,0.870011866,70.75,0.703026891,0.101881623,0.698064804
Syria,2015,9.660334587,0.885388851,70.97999573,0.832002461,-0.014604381,0.764013529
Taiwan Province of China,2013,9.688437462,0.894989252,71.20999908,0.654182136,-0.221751094,0.806076229
Taiwan Province of China,2014,7.181850433,0.891119123,62.31282043,0.654125094,-0.246644452,0.763706565
Taiwan Province of China,2015,7.207394123,0.700642824,62.4943924,0.758684695,-0.240638509,0.670910537
Taiwan Province of China,2016,7.231366634,0.809826255,62.6533432,0.77548492,-0.179536998,0.820480824
Taiwan Province of China,2017,7.251669884,0.843932509,62.81229782,0.800495505,-0.233531162,0.897995412
Tajikistan,2013,10.37116909,0.856656969,62.97124863,0.781081975,-0.238963515,0.872740388
Tajikistan,2014,10.32386494,0.662693322,53.96543884,0.899846315,-0.033587892,0.811069787
Tajikistan,2015,9.266630173,0.803418577,54.65838242,0.884916544,-0.026482064,0.81577003
Tajikistan,2016,9.282795906,0.789081037,55.32741928,0.924145699,-0.075362623,0.937324286
Tajikistan,2017,9.282648087,0.79026258,55.99645233,0.922896802,-0.246927157,0.926788926
Tanzania,2013,9.282848358,0.63775593,56.66548538,0.663193226,-0.095991082,0.952472746
Tanzania,2014,9.294288635,0.705010295,65.68994141,0.771577239,0.006943855,0.891075134
Tanzania,2015,9.982795715,0.926377833,65.88036346,0.730286777,0.067475304,0.936764002
Tanzania,2016,10.01690006,0.933167398,66.05983734,0.716694415,-0.020934045,0.568043172
Tanzania,2017,10.05999851,0.866324544,66.23931885,0.846941471,0.04033754,0.484118432
Thailand,2013,10.07561111,0.907543659,66.41879272,0.859140456,0.066223241,0.456133723
Thailand,2014,10.11937332,0.877268732,51.35891342,0.536287725,0.022678981,0.458313286
Thailand,2015,9.490698814,0.444339007,51.65836716,0.588934243,0.148229748,0.418611348
Thailand,2016,9.570275307,0.478593409,51.95782089,0.711373389,0.144682214,0.746894062
Thailand,2017,9.615293503,0.509440958,52.25727463,0.614438355,0.071719982,0.702267468
Togo,2014,9.658122063,0.507805228,61.2743721,0.477956653,-0.198611125,0.697542608
Togo,2015,9.702640533,0.883180499,61.73831177,0.540723383,0.101574235,0.738919556
Togo,2016,7.384492874,0.916029036,65.26557159,0.649196088,-0.015052794,0.681191266
Togo,2017,7.400788784,0.647967458,65.4045639,0.653196752,0.028647501,0.585632265
Trinidad and Tobago,2013,7.418150902,0.680260599,65.56322479,0.64414674,0.016125007,0.53349489
Trinidad and Tobago,2017,7.430756092,0.60947001,65.72189331,0.644434214,0.176181525,0.673475683
Tunisia,2013,7.442951202,0.701822102,65.88056183,0.704529464,0.106182665,0.676212788
Tunisia,2014,9.028688431,0.717381597,64.90991211,0.804678082,0.191113129,0.626581967
Tunisia,2015,9.017176628,0.795451164,65.13185883,0.701358378,0.336297154,0.433931798
Tunisia,2016,8.917972565,0.863288283,65.35282135,0.7485044,0.344311208,0.536461055
Tunisia,2017,8.944818497,0.851224601,65.57377625,0.720399201,0.289594233,0.470916927
Turkey,2013,8.967859268,0.879994631,65.79473114,0.76302135,0.239836901,0.464641601
Turkey,2014,11.04344559,0.876467824,59.83470917,0.834174395,0.281046003,0.837299705
Turkey,2015,11.06861877,0.845733166,59.99171829,0.757835329,0.258483708,0.826534986
Turkey,2016,11.09703732,0.908927441,60.12537766,0.739409745,0.205879509,0.813096821
Turkey,2017,11.11443233,0.960158467,60.25903702,0.772344112,0.203884602,0.890124679
Turkmenistan,2013,11.12180805,0.929032266,60.39269257,0.568715692,0.12846604,0.771245837
Turkmenistan,2014,10.52939415,0.908454895,50.50354767,0.533267498,0.181657359,0.799240172
Turkmenistan,2015,10.55194569,0.878275216,50.85323715,0.43059203,-0.05708592,0.885196507
Turkmenistan,2016,10.56718445,0.821205795,51.15665054,0.5025419,-0.086900182,0.885429204
Turkmenistan,2017,10.57719326,0.746633112,51.46006393,0.598875523,-0.046382796,0.829097569
Uganda,2013,10.58457565,0.753540218,51.76347733,0.93597883,-0.085954465,0.732267559
Uganda,2014,10.83974648,0.739956141,63.14153671,0.915036201,-0.104762152,0.80884099
Uganda,2015,10.85574341,0.896510422,63.16555786,0.949119508,-0.037076458,0.871019542
Uganda,2016,10.87666035,0.876760185,63.16815567,0.962016642,0.057538215,0.770643592
Uganda,2017,10.88447571,0.909439743,63.17075348,0.905278027,0.370148867,0.739540637
Ukraine,2013,10.89986897,0.884961367,63.17335129,0.85703969,0.202184632,0.830936551
Ukraine,2014,9.866334915,0.858324885,68.03585052,0.832926095,0.11402946,0.820217133
Ukraine,2015,9.894828796,0.863715768,68.17193604,0.821192145,-0.238719583,0.810457349
Ukraine,2016,9.8950243,0.824136674,68.30847931,0.812733293,-0.226648971,0.72361201
Ukraine,2017,9.905831337,0.849379838,68.44501495,0.79225564,-0.178957507,0.751208007
United Arab Emirates,2013,9.917771339,0.83552736,68.5815506,0.866076887,-0.20690684,
United Arab Emirates,2014,8.530575752,0.936884105,71.00428009,0.848753452,-0.02653946,
United Arab Emirates,2015,8.588744164,0.910247326,71.26724243,0.757893085,0.000278395,
United Arab Emirates,2016,8.648262978,0.935985744,71.53020477,0.868496716,0.08544226,
United Arab Emirates,2017,8.705972672,0.954068184,71.79316711,0.888278008,-0.090151913,
United Kingdom,2013,8.762778282,0.937495291,72.05612946,0.904332876,-0.187269315,
United Kingdom,2014,9.779354095,0.92539686,69.7709198,0.916879654,-0.172365546,
United Kingdom,2015,9.725855827,0.902097046,69.7709198,0.886371911,-0.145430744,
United Kingdom,2016,9.655211449,0.903571069,69.7709198,0.897851646,-0.157162398,
United Kingdom,2017,9.534058571,0.896751285,69.7709198,0.949539959,-0.114405595,
United States,2013,8.541249275,0.921002865,69.7709198,0.954481184,-0.020870663,
United States,2014,8.588622093,0.917279661,67.85398865,0.979937136,-0.048977159,
United States,2015,8.642487526,0.901897848,67.98419189,0.983803034,0.112272955,
United States,2016,8.692029953,0.891493499,68.11624908,0.985177755,0.129821524,
United States,2017,8.7426548,0.900380909,68.24830627,0.64196521,-0.07671573,
Uruguay,2013,8.261730194,0.91380167,68.38036346,0.569961905,-0.045884714,
Uruguay,2014,8.23398304,0.962780654,62.59191132,0.512159348,-0.094584644,
Uruguay,2015,7.878930092,0.952406049,62.7622757,0.457601577,-0.065283127,
Uruguay,2016,7.751505375,0.968225241,62.89691162,0.91960746,-0.066004686,
Uruguay,2017,8.182190895,0.945102155,63.03154373,0.894351125,,
Uzbekistan,2013,8.197677612,0.942131102,63.16617966,0.542547464,,
Uzbekistan,2014,8.196216583,0.896301091,64.3243103,0.66390872,,
Uzbekistan,2015,8.201649666,0.903955817,64.45954895,0.609980762,,
Uzbekistan,2016,8.211669922,0.911086857,64.60315704,0.532964051,,
Uzbekistan,2017,7.565153599,0.901949286,64.74676514,0.595190763,,
Venezuela,2013,7.562753201,0.75947696,65.57042694,0.769912362,,
Venezuela,2014,7.556051731,0.792168498,65.73538971,0.811824918,,
Venezuela,2015,7.538829327,0.848676682,65.90550995,0.758653641,,
Venezuela,2016,7.538187027,0.876323581,66.07563782,0.811574519,,
Vietnam,2013,,0.693905294,66.24576569,0.823168576,,
Vietnam,2014,,0.638252258,54.23377991,0.575884283,,
Vietnam,2015,,0.668683469,54.42792511,0.642033815,,
Vietnam,2016,,0.775407016,54.61229324,0.667193294,,
Vietnam,2017,,0.789555013,54.79666519,0.732971489,,
Yemen,2013,,0.761311531,54.98103333,0.752826095,,
Yemen,2014,,0.706222713,51.51034164,,,
Yemen,2015,,0.691483498,52.19388962,,,
Yemen,2016,,0.76704663,52.73052216,,,
Yemen,2017,,0.74375391,53.26715088,,,
Zambia,2013,,0.799273849,53.80378342,,,
Zambia,2014,,0.765838981,48.94974518,,,
Zambia,2015,,0.735800326,50.0512352,,,
Zambia,2016,,0.768425405,50.92565155,,,
Zambia,2017,,0.754147053,51.8000679,,,
Zimbabwe,2013,,,52.67448425,,,
Zimbabwe,2014,,,,,,
Zimbabwe,2015,,,,,,
Zimbabwe,2016,,,,,,
Zimbabwe,2017,,,,,,
